{
  "version": 1.1,
  "tags": [
    {
      "name": "sl-alert",
      "description": {
        "kind": "markdown",
        "value": ""
      },
      "attributes": [
        {
          "name": "closable",
          "description": "Set to true to make the alert closable."
        },
        {
          "name": "open",
          "description": "Indicates whether or not the alert is open. You can use this in lieu of the show/hide methods."
        },
        {
          "name": "type",
          "description": "The type of alert.",
          "values": [
            {
              "name": "danger"
            },
            {
              "name": "info"
            },
            {
              "name": "primary"
            },
            {
              "name": "success"
            },
            {
              "name": "warning"
            }
          ]
        }
      ]
    },
    {
      "name": "sl-animation",
      "description": {
        "kind": "markdown",
        "value": ""
      },
      "attributes": [
        {
          "name": "delay",
          "description": "The number of milliseconds to delay the start of the animation."
        },
        {
          "name": "direction",
          "description": "Determines the direction of playback as well as the behavior when reaching the end of an iteration.",
          "values": [
            {
              "name": "alternate"
            },
            {
              "name": "alternate-reverse"
            },
            {
              "name": "normal"
            },
            {
              "name": "reverse"
            }
          ]
        },
        {
          "name": "duration",
          "description": "The number of milliseconds each iteration of the animation takes to complete."
        },
        {
          "name": "easing",
          "description": "The rate of the animation's change over time."
        },
        {
          "name": "end-delay",
          "description": "The number of milliseconds to delay after the active period of an animation sequence."
        },
        {
          "name": "fill",
          "description": "Sets how the animation applies styles to its target before and after its execution.",
          "values": [
            {
              "name": "auto"
            },
            {
              "name": "backwards"
            },
            {
              "name": "both"
            },
            {
              "name": "forwards"
            },
            {
              "name": "none"
            }
          ]
        },
        {
          "name": "iteration-start",
          "description": "The offset at which to start the animation, usually between 0 (start) and 1 (end)."
        },
        {
          "name": "iterations",
          "description": "The number of iterations to run before the animation completes. Defaults to `Infinity`, which loops."
        },
        {
          "name": "name",
          "description": "The name of the animation to use."
        },
        {
          "name": "pause",
          "description": "Pauses the animation. The animation will resume when this prop is removed."
        },
        {
          "name": "playback-rate",
          "description": "Sets the animation's playback rate. The default is `1`, which plays the animation at a normal speed. Setting this\nto `2`, for example, will double the animation's speed. A negative value can be used to reverse the animation. This\nvalue can be changed without causing the animation to restart."
        }
      ]
    },
    {
      "name": "sl-avatar",
      "description": {
        "kind": "markdown",
        "value": ""
      },
      "attributes": [
        {
          "name": "alt",
          "description": "Alternative text for the image."
        },
        {
          "name": "image",
          "description": "The image source to use for the avatar."
        },
        {
          "name": "initials",
          "description": "Initials to use as a fallback when no image is available (1-2 characters max recommended)."
        },
        {
          "name": "shape",
          "description": "The shape of the avatar.",
          "values": [
            {
              "name": "circle"
            },
            {
              "name": "rounded"
            },
            {
              "name": "square"
            }
          ]
        }
      ]
    },
    {
      "name": "sl-badge",
      "description": {
        "kind": "markdown",
        "value": ""
      },
      "attributes": [
        {
          "name": "pill",
          "description": "Set to true to draw a pill-style badge with rounded edges."
        },
        {
          "name": "pulse",
          "description": "Set to true to make the badge pulsate to draw attention."
        },
        {
          "name": "type",
          "description": "The badge's type.",
          "values": [
            {
              "name": "danger"
            },
            {
              "name": "info"
            },
            {
              "name": "primary"
            },
            {
              "name": "success"
            },
            {
              "name": "text"
            },
            {
              "name": "warning"
            }
          ]
        }
      ]
    },
    {
      "name": "sl-button",
      "description": {
        "kind": "markdown",
        "value": ""
      },
      "attributes": [
        {
          "name": "caret",
          "description": "Set to true to draw the button with a caret for use with dropdowns, popovers, etc."
        },
        {
          "name": "circle",
          "description": "Set to true to draw a circle button."
        },
        {
          "name": "disabled",
          "description": "Set to true to disable the button."
        },
        {
          "name": "download",
          "description": "Tells the browser to download the linked file as this filename. Only used when `href` is set."
        },
        {
          "name": "href",
          "description": "When set, the underlying button will be rendered as an `<a>` with this `href` instead of a `<button>`."
        },
        {
          "name": "loading",
          "description": "Set to true to draw the button in a loading state."
        },
        {
          "name": "name",
          "description": "An optional name for the button. Ignored when `href` is set."
        },
        {
          "name": "pill",
          "description": "Set to true to draw a pill-style button with rounded edges."
        },
        {
          "name": "size",
          "description": "The button's size.",
          "values": [
            {
              "name": "large"
            },
            {
              "name": "medium"
            },
            {
              "name": "small"
            }
          ]
        },
        {
          "name": "submit",
          "description": "Indicates if activating the button should submit the form. Ignored when `href` is set."
        },
        {
          "name": "target",
          "description": "Tells the browser where to open the link. Only used when `href` is set.",
          "values": [
            {
              "name": "_blank"
            },
            {
              "name": "_parent"
            },
            {
              "name": "_self"
            },
            {
              "name": "_top"
            }
          ]
        },
        {
          "name": "type",
          "description": "The button's type.",
          "values": [
            {
              "name": "danger"
            },
            {
              "name": "default"
            },
            {
              "name": "info"
            },
            {
              "name": "primary"
            },
            {
              "name": "success"
            },
            {
              "name": "text"
            },
            {
              "name": "warning"
            }
          ]
        },
        {
          "name": "value",
          "description": "An optional value for the button. Ignored when `href` is set."
        }
      ]
    },
    {
      "name": "sl-button-group",
      "description": {
        "kind": "markdown",
        "value": ""
      },
      "attributes": [
        {
          "name": "label",
          "description": "A label to use for the button groups `aria-label` attribute."
        }
      ]
    },
    {
      "name": "sl-card",
      "description": {
        "kind": "markdown",
        "value": ""
      },
      "attributes": []
    },
    {
      "name": "sl-checkbox",
      "description": {
        "kind": "markdown",
        "value": ""
      },
      "attributes": [
        {
          "name": "checked",
          "description": "Set to true to draw the checkbox in a checked state."
        },
        {
          "name": "disabled",
          "description": "Set to true to disable the checkbox."
        },
        {
          "name": "indeterminate",
          "description": "Set to true to draw the checkbox in an indeterminate state."
        },
        {
          "name": "name",
          "description": "The checkbox's name attribute."
        },
        {
          "name": "value",
          "description": "The checkbox's value attribute."
        }
      ]
    },
    {
      "name": "sl-color-picker",
      "description": {
        "kind": "markdown",
        "value": ""
      },
      "attributes": [
        {
          "name": "disabled",
          "description": "Set to true to disable the color picker."
        },
        {
          "name": "format",
          "description": "The format to use for the display value. If opacity is enabled, these will translate to HEXA, RGBA, and HSLA\nrespectively. The color picker will always accept user input in any format (including CSS color names) and convert\nit to the desired format.",
          "values": [
            {
              "name": "hex"
            },
            {
              "name": "hsl"
            },
            {
              "name": "rgb"
            }
          ]
        },
        {
          "name": "inline",
          "description": "Set to true to render the color picker inline rather than inside a dropdown."
        },
        {
          "name": "opacity",
          "description": "Whether to show the opacity slider."
        },
        {
          "name": "size",
          "description": "When `inline` is true, this determines the size of the color picker's trigger.",
          "values": [
            {
              "name": "large"
            },
            {
              "name": "medium"
            },
            {
              "name": "small"
            }
          ]
        },
        {
          "name": "uppercase",
          "description": "By default, the value will be set in lowercase. Set this to true to set it in uppercase instead."
        },
        {
          "name": "value",
          "description": "The current color."
        }
      ]
    },
    {
      "name": "sl-details",
      "description": {
        "kind": "markdown",
        "value": ""
      },
      "attributes": [
        {
          "name": "disabled",
          "description": "Set to true to prevent the user from toggling the details."
        },
        {
          "name": "open",
          "description": "Indicates whether or not the details is open. You can use this in lieu of the show/hide methods."
        },
        {
          "name": "summary",
          "description": "The summary to show in the details header. If you need to display HTML, use the `summary` slot instead."
        }
      ]
    },
    {
      "name": "sl-dialog",
      "description": {
        "kind": "markdown",
        "value": ""
      },
      "attributes": [
        {
          "name": "label",
          "description": "The dialog's label as displayed in the header. You should always include a relevant label even when using\n`no-header`, as it is required for proper accessibility."
        },
        {
          "name": "no-header",
          "description": "Set to true to disable the header. This will also remove the default close button, so please ensure you provide an\neasy, accessible way for users to dismiss the dialog."
        },
        {
          "name": "open",
          "description": "Indicates whether or not the dialog is open. You can use this in lieu of the show/hide methods."
        }
      ]
    },
    {
      "name": "sl-drawer",
      "description": {
        "kind": "markdown",
        "value": ""
      },
      "attributes": [
        {
          "name": "contained",
          "description": "By default, the drawer slides out of its containing block (usually the viewport). To make the drawer slide out of\nits parent element, set this prop and add `position: relative` to the parent."
        },
        {
          "name": "label",
          "description": "The drawer's label as displayed in the header. You should always include a relevant label even when using\n`no-header`, as it is required for proper accessibility."
        },
        {
          "name": "no-header",
          "description": "Removes the header. This will also remove the default close button, so please ensure you provide an easy,\naccessible way for users to dismiss the drawer."
        },
        {
          "name": "open",
          "description": "Indicates whether or not the drawer is open. You can use this in lieu of the show/hide methods."
        },
        {
          "name": "placement",
          "description": "The direction from which the drawer will open.",
          "values": [
            {
              "name": "bottom"
            },
            {
              "name": "left"
            },
            {
              "name": "right"
            },
            {
              "name": "top"
            }
          ]
        }
      ]
    },
    {
      "name": "sl-dropdown",
      "description": {
        "kind": "markdown",
        "value": ""
      },
      "attributes": [
        {
          "name": "close-on-select",
          "description": "Determines whether the dropdown should hide when a menu item is selected."
        },
        {
          "name": "distance",
          "description": "The distance in pixels from which to offset the panel away from its trigger."
        },
        {
          "name": "open",
          "description": "Indicates whether or not the dropdown is open. You can use this in lieu of the show/hide methods."
        },
        {
          "name": "placement",
          "description": "The preferred placement of the dropdown panel. Note that the actual placement may vary as needed to keep the panel\ninside of the viewport.",
          "values": [
            {
              "name": "bottom"
            },
            {
              "name": "bottom-end"
            },
            {
              "name": "bottom-start"
            },
            {
              "name": "left"
            },
            {
              "name": "left-end"
            },
            {
              "name": "left-start"
            },
            {
              "name": "right"
            },
            {
              "name": "right-end"
            },
            {
              "name": "right-start"
            },
            {
              "name": "top"
            },
            {
              "name": "top-end"
            },
            {
              "name": "top-start"
            }
          ]
        },
        {
          "name": "skidding",
          "description": "The distance in pixels from which to offset the panel along its trigger."
        }
      ]
    },
    {
      "name": "sl-form",
      "description": {
        "kind": "markdown",
        "value": ""
      },
      "attributes": []
    },
    {
      "name": "sl-icon",
      "description": {
        "kind": "markdown",
        "value": ""
      },
      "attributes": [
        {
          "name": "label",
          "description": "An alternative description to use for accessibility. If omitted, the name or src will be used to generate it."
        },
        {
          "name": "name",
          "description": "The name of the icon to draw."
        },
        {
          "name": "src",
          "description": "An external URL of an SVG file."
        }
      ]
    },
    {
      "name": "sl-icon-button",
      "description": {
        "kind": "markdown",
        "value": ""
      },
      "attributes": [
        {
          "name": "disabled",
          "description": "Set to true to disable the button."
        },
        {
          "name": "label",
          "description": "An alternative description to use for accessibility. If omitted, the name or src will be used to generate it."
        },
        {
          "name": "name",
          "description": "The name of the icon to draw. See the icon component for a full list of icons."
        },
        {
          "name": "src",
          "description": "An external URL of an SVG file."
        }
      ]
    },
    {
      "name": "sl-image-comparer",
      "description": {
        "kind": "markdown",
        "value": ""
      },
      "attributes": [
        {
          "name": "position",
          "description": "The position of the divider as a percentage."
        }
      ]
    },
    {
      "name": "sl-input",
      "description": {
        "kind": "markdown",
        "value": ""
      },
      "attributes": [
        {
          "name": "autocapitalize",
          "description": "The input's autocaptialize attribute."
        },
        {
          "name": "autocomplete",
          "description": "The input's autocomplete attribute."
        },
        {
          "name": "autocorrect",
          "description": "The input's autocorrect attribute."
        },
        {
          "name": "autofocus",
          "description": "The input's autofocus attribute."
        },
        {
          "name": "clearable",
          "description": "Set to true to add a clear button when the input is populated."
        },
        {
          "name": "disabled",
          "description": "Set to true to disable the input."
        },
        {
          "name": "inputmode",
          "description": "The input's inputmode attribute.",
          "values": [
            {
              "name": "decimal"
            },
            {
              "name": "email"
            },
            {
              "name": "none"
            },
            {
              "name": "numeric"
            },
            {
              "name": "search"
            },
            {
              "name": "tel"
            },
            {
              "name": "text"
            },
            {
              "name": "url"
            }
          ]
        },
        {
          "name": "invalid",
          "description": "Set to true to indicate that the user input is invalid."
        },
        {
          "name": "label",
          "description": "The input's label."
        },
        {
          "name": "max",
          "description": "The input's max attribute."
        },
        {
          "name": "maxlength",
          "description": "The input's maxlength attribute."
        },
        {
          "name": "min",
          "description": "The input's min attribute."
        },
        {
          "name": "minlength",
          "description": "The input's minlength attribute."
        },
        {
          "name": "name",
          "description": "The input's name attribute."
        },
        {
          "name": "pattern",
          "description": "The input's pattern attribute."
        },
        {
          "name": "pill",
          "description": "Set to true to draw a pill-style input with rounded edges."
        },
        {
          "name": "placeholder",
          "description": "The input's placeholder text."
        },
        {
          "name": "readonly",
          "description": "Set to true for a readonly input."
        },
        {
          "name": "required",
          "description": "The input's required attribute."
        },
        {
          "name": "size",
          "description": "The input's size.",
          "values": [
            {
              "name": "large"
            },
            {
              "name": "medium"
            },
            {
              "name": "small"
            }
          ]
        },
        {
          "name": "step",
          "description": "The input's step attribute."
        },
        {
          "name": "toggle-password",
          "description": "Set to true to add a password toggle button for password inputs."
        },
        {
          "name": "type",
          "description": "The input's type.",
          "values": [
            {
              "name": "email"
            },
            {
              "name": "number"
            },
            {
              "name": "password"
            },
            {
              "name": "search"
            },
            {
              "name": "tel"
            },
            {
              "name": "text"
            },
            {
              "name": "url"
            }
          ]
        },
        {
          "name": "valid",
          "description": "Set to true to indicate that the user input is valid."
        },
        {
          "name": "value",
          "description": "The input's value attribute."
        }
      ]
    },
    {
      "name": "sl-menu",
      "description": {
        "kind": "markdown",
        "value": ""
      },
      "attributes": []
    },
    {
      "name": "sl-menu-divider",
      "description": {
        "kind": "markdown",
        "value": ""
      },
      "attributes": []
    },
    {
      "name": "sl-menu-item",
      "description": {
        "kind": "markdown",
        "value": ""
      },
      "attributes": [
        {
          "name": "active",
          "description": "Set to true to draw the menu item in an active state."
        },
        {
          "name": "checked",
          "description": "Set to true to draw the item in a checked state."
        },
        {
          "name": "disabled",
          "description": "Set to true to draw the menu item in a disabled state."
        },
        {
          "name": "value",
          "description": "A unique value to store in the menu item."
        }
      ]
    },
    {
      "name": "sl-menu-label",
      "description": {
        "kind": "markdown",
        "value": ""
      },
      "attributes": []
    },
    {
      "name": "sl-progress-bar",
      "description": {
        "kind": "markdown",
        "value": ""
      },
      "attributes": [
        {
          "name": "percentage",
          "description": "The progress bar's percentage, 0 to 100."
        }
      ]
    },
    {
      "name": "sl-progress-ring",
      "description": {
        "kind": "markdown",
        "value": ""
      },
      "attributes": [
        {
          "name": "percentage",
          "description": "The current progress percentage, 0 - 100."
        },
        {
          "name": "size",
          "description": "The size of the progress ring in pixels."
        },
        {
          "name": "stroke-width",
          "description": "The stroke width of the progress ring in pixels."
        }
      ]
    },
    {
      "name": "sl-radio",
      "description": {
        "kind": "markdown",
        "value": ""
      },
      "attributes": [
        {
          "name": "checked",
          "description": "Set to true to draw the radio in a checked state."
        },
        {
          "name": "disabled",
          "description": "Set to true to disable the radio."
        },
        {
          "name": "name",
          "description": "The radio's name attribute."
        },
        {
          "name": "value",
          "description": "The radio's value attribute."
        }
      ]
    },
    {
      "name": "sl-range",
      "description": {
        "kind": "markdown",
        "value": ""
      },
      "attributes": [
        {
          "name": "disabled",
          "description": "Set to true to disable the input."
        },
        {
          "name": "max",
          "description": "The input's max attribute."
        },
        {
          "name": "min",
          "description": "The input's min attribute."
        },
        {
          "name": "name",
          "description": "The input's name attribute."
        },
        {
          "name": "step",
          "description": "The input's step attribute."
        },
        {
          "name": "tooltip",
          "description": "The preferred placedment of the tooltip.",
          "values": [
            {
              "name": "bottom"
            },
            {
              "name": "none"
            },
            {
              "name": "top"
            }
          ]
        },
        {
          "name": "value",
          "description": "The input's value attribute."
        }
      ]
    },
    {
      "name": "sl-rating",
      "description": {
        "kind": "markdown",
        "value": ""
      },
      "attributes": [
        {
          "name": "disabled",
          "description": "Disables the rating."
        },
        {
          "name": "max",
          "description": "The highest rating to show."
        },
        {
          "name": "precision",
          "description": "The minimum increment value allowed by the control."
        },
        {
          "name": "readonly",
          "description": "Makes the rating readonly."
        },
        {
          "name": "value",
          "description": "The current rating."
        }
      ]
    },
    {
      "name": "sl-select",
      "description": {
        "kind": "markdown",
        "value": ""
      },
      "attributes": [
        {
          "name": "disabled",
          "description": "Set to true to disable the select control."
        },
        {
          "name": "invalid",
          "description": "Set to true to indicate that the user input is invalid."
        },
        {
          "name": "label",
          "description": "The select's label."
        },
        {
          "name": "max-tags-visible",
          "description": "The maximum number of tags to show when `multiple` is true. After the maximum, \"+n\" will be shown to indicate the\nnumber of additional items that are selected. Set to -1 to remove the limit."
        },
        {
          "name": "multiple",
          "description": "Set to true to enable multiselect."
        },
        {
          "name": "name",
          "description": "The select's name."
        },
        {
          "name": "pill",
          "description": "Set to true to draw a pill-style select with rounded edges."
        },
        {
          "name": "placeholder",
          "description": "The select's placeholder text."
        },
        {
          "name": "size",
          "description": "The select's size.",
          "values": [
            {
              "name": "large"
            },
            {
              "name": "medium"
            },
            {
              "name": "small"
            }
          ]
        },
        {
          "name": "valid",
          "description": "Set to true to indicate that the user input is valid."
        },
        {
          "name": "value",
          "description": "The value of the control. This will be a string or an array depending on `multiple`."
        }
      ]
    },
    {
      "name": "sl-skeleton",
      "description": {
        "kind": "markdown",
        "value": ""
      },
      "attributes": [
        {
          "name": "effect",
          "description": "Determines which effect the skeleton will use.",
          "values": [
            {
              "name": "none"
            },
            {
              "name": "pulse"
            },
            {
              "name": "sheen"
            }
          ]
        }
      ]
    },
    {
      "name": "sl-spinner",
      "description": {
        "kind": "markdown",
        "value": ""
      },
      "attributes": []
    },
    {
      "name": "sl-switch",
      "description": {
        "kind": "markdown",
        "value": ""
      },
      "attributes": [
        {
          "name": "checked",
          "description": "Set to true to draw the switch in a checked state."
        },
        {
          "name": "disabled",
          "description": "Set to true to disable the switch."
        },
        {
          "name": "name",
          "description": "The switch's name attribute."
        },
        {
          "name": "value",
          "description": "The switch's value attribute."
        }
      ]
    },
    {
      "name": "sl-tab",
      "description": {
        "kind": "markdown",
        "value": ""
      },
      "attributes": [
        {
          "name": "active",
          "description": "Set to true to draw the tab in an active state."
        },
        {
          "name": "disabled",
          "description": "Set to true to draw the tab in a disabled state."
        },
        {
          "name": "panel",
          "description": "The name of the tab panel the tab will control. The panel must be located in the same tab group."
        }
      ]
    },
    {
      "name": "sl-tab-group",
      "description": {
        "kind": "markdown",
        "value": ""
      },
      "attributes": [
        {
          "name": "placement",
          "description": "The placement of the tabs.",
          "values": [
            {
              "name": "bottom"
            },
            {
              "name": "left"
            },
            {
              "name": "right"
            },
            {
              "name": "top"
            }
          ]
        }
      ]
    },
    {
      "name": "sl-tab-panel",
      "description": {
        "kind": "markdown",
        "value": ""
      },
      "attributes": [
        {
          "name": "active",
          "description": "When true, the tab panel will be shown."
        },
        {
          "name": "name",
          "description": "The tab panel's name."
        }
      ]
    },
    {
      "name": "sl-tag",
      "description": {
        "kind": "markdown",
        "value": ""
      },
      "attributes": [
        {
          "name": "clearable",
          "description": "Set to true to make the tag clearable."
        },
        {
          "name": "pill",
          "description": "Set to true to draw a pill-style tag with rounded edges."
        },
        {
          "name": "size",
          "description": "The tag's size.",
          "values": [
            {
              "name": "large"
            },
            {
              "name": "medium"
            },
            {
              "name": "small"
            }
          ]
        },
        {
          "name": "type",
          "description": "The tag's type.",
          "values": [
            {
              "name": "danger"
            },
            {
              "name": "info"
            },
            {
              "name": "primary"
            },
            {
              "name": "success"
            },
            {
              "name": "text"
            },
            {
              "name": "warning"
            }
          ]
        }
      ]
    },
    {
      "name": "sl-textarea",
      "description": {
        "kind": "markdown",
        "value": ""
      },
      "attributes": [
        {
          "name": "autocapitalize",
          "description": "The textarea's autocaptialize attribute."
        },
        {
          "name": "autocomplete",
          "description": "The textarea's autocomplete attribute."
        },
        {
          "name": "autocorrect",
          "description": "The textarea's autocorrect attribute."
        },
        {
          "name": "autofocus",
          "description": "The textarea's autofocus attribute."
        },
        {
          "name": "disabled",
          "description": "Set to true to disable the textarea."
        },
        {
          "name": "inputmode",
          "description": "The textarea's inputmode attribute.",
          "values": [
            {
              "name": "decimal"
            },
            {
              "name": "email"
            },
            {
              "name": "none"
            },
            {
              "name": "numeric"
            },
            {
              "name": "search"
            },
            {
              "name": "tel"
            },
            {
              "name": "text"
            },
            {
              "name": "url"
            }
          ]
        },
        {
          "name": "invalid",
          "description": "Set to true to indicate that the user input is invalid."
        },
        {
          "name": "label",
          "description": "The textarea's label."
        },
        {
          "name": "maxlength",
          "description": "The textarea's maxlength attribute."
        },
        {
          "name": "name",
          "description": "The textarea's name attribute."
        },
        {
          "name": "placeholder",
          "description": "The textarea's placeholder text."
        },
        {
          "name": "readonly",
          "description": "Set to true for a readonly textarea."
        },
        {
          "name": "required",
          "description": "The textarea's required attribute."
        },
        {
          "name": "resize",
          "description": "Controls how the textarea can be resized.",
          "values": [
            {
              "name": "auto"
            },
            {
              "name": "none"
            },
            {
              "name": "vertical"
            }
          ]
        },
        {
          "name": "rows",
          "description": "The number of rows to display by default."
        },
        {
          "name": "size",
          "description": "The textarea's size.",
          "values": [
            {
              "name": "large"
            },
            {
              "name": "medium"
            },
            {
              "name": "small"
            }
          ]
        },
        {
          "name": "valid",
          "description": "Set to true to indicate that the user input is valid."
        },
        {
          "name": "value",
          "description": "The textarea's value attribute."
        }
      ]
    },
    {
      "name": "sl-tooltip",
      "description": {
        "kind": "markdown",
        "value": ""
      },
      "attributes": [
        {
          "name": "content",
          "description": "The tooltip's content."
        },
        {
          "name": "disabled",
          "description": "Set to true to disable the tooltip so it won't show when triggered."
        },
        {
          "name": "distance",
          "description": "The distance in pixels from which to offset the tooltip away from its target."
        },
        {
          "name": "open",
          "description": "Indicates whether or not the tooltip is open. You can use this in lieu of the show/hide methods."
        },
        {
          "name": "placement",
          "description": "The preferred placement of the tooltip. Note that the actual placement may vary as needed to keep the tooltip\ninside of the viewport.",
          "values": [
            {
              "name": "bottom"
            },
            {
              "name": "bottom-end"
            },
            {
              "name": "bottom-start"
            },
            {
              "name": "left"
            },
            {
              "name": "left-end"
            },
            {
              "name": "left-start"
            },
            {
              "name": "right"
            },
            {
              "name": "right-end"
            },
            {
              "name": "right-start"
            },
            {
              "name": "top"
            },
            {
              "name": "top-end"
            },
            {
              "name": "top-start"
            }
          ]
        },
        {
          "name": "skidding",
          "description": "The distance in pixels from which to offset the tooltip along its target."
        },
        {
          "name": "trigger",
          "description": "Controls how the tooltip is activated. Possible options include `click`, `hover`, `focus`, and `manual`. Multiple\noptions can be passed by separating them with a space. When manual is used, the tooltip must be activated\nprogrammatically."
        }
      ]
    }
  ]
}